tarfile,netfile,Timestamp,Time_created,yaml,stamp,d
chukwa-release-0.1.2.tar.gz,chukwa_012,1383354169,2013-11-02-02:02,chukwa012,1243036800,23-May-09
chukwa-chukwa-0.8.0.tar.gz,chukwa_080,1466490254,2016-06-21-08:24,chukwa080,1466467200,21-Jun-16
chukwa-chukwa-0.7.0.tar.gz,chukwa_070,1450721027,2015-12-21-19:03,chukwa070,1450656000,21-Dec-15
chukwa-chukwa-0.5.0.tar.gz,chukwa_050,1383354169,2013-11-02-02:02,chukwa050,1326153600,10-Jan-12
chukwa-chukwa-0.4.0.tar.gz,chukwa_040,1383354169,2013-11-02-02:02,chukwa040,1271030400,12-Apr-10
chukwa-chukwa-0.2.0.tar.gz,chukwa_020,1421724816,2015-01-20-04:33,chukwa020,1246406400,1-Jul-09
cassandra-cassandra-0.3.0-final.tar.gz,Cassandra_030,1268522240,2010-03-14-00:17,cassandra030finalmetric,1247184000,7/10/2009
cassandra-cassandra-0.4.0-final.tar.gz,Cassandra_040,1268522240,2010-03-14-00:17,cassandra040finalmetric,1253232000,9/18/2009
cassandra-cassandra-0.4.1.tar.gz,Cassandra_041,1268522240,2010-03-14-00:17,cassandra041metric,1251849600,9/2/2009
cassandra-cassandra-0.4.2.tar.gz,Cassandra_042,1268522240,2010-03-14-00:17,cassandra042metric,1252540800,9/10/2009
cassandra-cassandra-0.5.0.tar.gz,Cassandra_050,1268522240,2010-03-14-00:17,cassandra050metric,1263772800,1/18/2010
cassandra-cassandra-0.5.1.tar.gz,Cassandra_051,1268522240,2010-03-14-00:17,cassandra051metric,1266883200,2/23/2010
cassandra-cassandra-0.6.0.tar.gz,Cassandra_060,1271036237,2010-04-12-03:37,cassandra060metric,1269734400,3/28/2010
cassandra-cassandra-0.6.1.tar.gz,Cassandra_061,1271339328,2010-04-15-15:48,cassandra061metric,1271289600,4/15/2010
cassandra-cassandra-0.6.2.tar.gz,Cassandra_062,1274733627,2010-05-24-22:40,cassandra062metric,1274659200,5/24/2010
cassandra-cassandra-0.6.3.tar.gz,Cassandra_063,1277505023,2010-06-26-00:30,cassandra063metric,1277510400,6/26/2010
cassandra-cassandra-0.6.4.tar.gz,Cassandra_064,1280267282,2010-07-27-23:48,cassandra064metric,1280188800,7/27/2010
cassandra-cassandra-0.6.5.tar.gz,Cassandra_065,1282938679,2010-08-27-21:51,cassandra065metric,1282521600,8/23/2010
cassandra-cassandra-0.6.6.tar.gz,Cassandra_066,1287164280,2010-10-15-19:38,cassandra066metric,1287100800,10/15/2010
cassandra-cassandra-0.6.7.tar.gz,Cassandra_067,1289402281,2010-11-10-16:18,cassandra067metric,1289347200,11/10/2010
cassandra-cassandra-0.6.8.tar.gz,Cassandra_068,1289616686,2010-11-13-03:51,cassandra068metric,1289606400,11/13/2010
cassandra-cassandra-0.6.9.tar.gz,Cassandra_069,1294619803,2011-01-10-01:36,cassandra069metric,1294099200,1/4/2011
cassandra-cassandra-0.6.10.tar.gz,Cassandra_0610,1295830812,2011-01-24-02:00,cassandra0610metric,1295395200,1/19/2011
cassandra-cassandra-0.6.11.tar.gz,Cassandra_0611,1296251524,2011-01-28-22:52,cassandra0611metric,1296086400,1/27/2011
cassandra-cassandra-0.6.13.tar.gz,Cassandra_0613,1303136468,2011-04-18-16:21,cassandra0613metric,1302652800,4/13/2011
cassandra-cassandra-0.6.12.tar.gz,Cassandra_0612,1298307216,2011-02-21-17:53,cassandra0612metric,1297900800,2/17/2011
cassandra-cassandra-0.7.0.tar.gz,Cassandra_070,1294619931,2011-01-10-01:38,cassandra070metric,1294272000,1/6/2011
cassandra-cassandra-0.7.1.tar.gz,Cassandra_071,1297712024,2011-02-14-20:33,cassandra071metric,1297296000,2/10/2011
cassandra-cassandra-0.7.2.tar.gz,Cassandra_072,1297900396,2011-02-17-00:53,cassandra072metric,1297728000,2/15/2011
cassandra-cassandra-0.7.3.tar.gz,Cassandra_073,1299269067,2011-03-04-21:04,cassandra073metric,1299196800,3/4/2011
cassandra-cassandra-0.7.4.tar.gz,Cassandra_074,1300200460,2011-03-15-15:47,cassandra074metric,1299888000,3/12/2011
cassandra-cassandra-0.7.5.tar.gz,Cassandra_075,1303995969,2011-04-28-15:06,cassandra075metric,1303430400,4/22/2011
cassandra-cassandra-0.7.6.tar.gz,Cassandra_076,1305725534,2011-05-18-15:32,cassandra076metric,1305244800,5/13/2011
cassandra-cassandra-0.7.6-2.tar.gz,Cassandra_0762,1305879707,2011-05-20-10:21,cassandra0762metric,1305849600,5/20/2011
cassandra-cassandra-0.7.7.tar.gz,Cassandra_077,1310825226,2011-07-16-16:07,cassandra077metric,1309996800,7/7/2011
cassandra-cassandra-0.7.8.tar.gz,Cassandra_078,1311355594,2011-07-22-19:26,cassandra078metric,1311206400,7/21/2011
cassandra-cassandra-0.7.9.tar.gz,Cassandra_079,1315241129,2011-09-05-18:45,cassandra079metric,1314748800,8/31/2011
cassandra-cassandra-0.7.10.tar.gz,Cassandra_0710,1320082913,2011-10-31-18:41,cassandra0710metric,1320019200,10/31/2011
cassandra-cassandra-0.8.0.tar.gz,Cassandra_080,1307052227,2011-06-03-00:03,cassandra080metric,1306713600,5/30/2011
cassandra-cassandra-0.8.1.tar.gz,Cassandra_081,1309277370,2011-06-28-18:09,cassandra081metric,1308873600,6/24/2011
cassandra-cassandra-0.8.2.tar.gz,Cassandra_082,1311671778,2011-07-26-11:16,cassandra082metric,1311292800,7/22/2011
cassandra-cassandra-0.8.3.tar.gz,Cassandra_083,1312831607,2011-08-08-21:26,cassandra083metric,1312416000,8/4/2011
cassandra-cassandra-0.8.4.tar.gz,Cassandra_084,1313083402,2011-08-11-19:23,cassandra084metric,1312934400,8/10/2011
cassandra-cassandra-0.8.5.tar.gz,Cassandra_085,1315480753,2011-09-08-13:19,cassandra085metric,1315180800,9/5/2011
cassandra-cassandra-0.8.6.tar.gz,Cassandra_086,1316511334,2011-09-20-11:35,cassandra086metric,1316044800,9/15/2011
cassandra-cassandra-0.8.7.tar.gz,Cassandra_087,1318230865,2011-10-10-09:14,cassandra087metric,1317772800,10/5/2011
cassandra-cassandra-0.8.8.tar.gz,Cassandra_088,1322852586,2011-12-02-20:03,cassandra088metric,1322784000,12/2/2011
cassandra-cassandra-0.8.9.tar.gz,Cassandra_089,1323889620,2011-12-14-20:07,cassandra089metric,1323561600,12/11/2011
cassandra-cassandra-0.8.10.tar.gz,Cassandra_0810,1328715583,2012-02-08-16:39,cassandra0810metric,1328659200,2/8/2012
cassandra-cassandra-1.0.0.tar.gz,Cassandra_100,1318937089,2011-10-18-13:24,cassandra100metric,1318291200,10/11/2011
cassandra-cassandra-1.0.1.tar.gz,Cassandra_101,1320058550,2011-10-31-11:55,cassandra101metric,1319760000,10/28/2011
cassandra-cassandra-1.0.2.tar.gz,Cassandra_102,1320678204,2011-11-07-16:03,cassandra102metric,1320364800,11/4/2011
cassandra-cassandra-1.0.3.tar.gz,Cassandra_103,1321630226,2011-11-18-16:30,cassandra103metric,1321315200,11/15/2011
cassandra-cassandra-1.0.4.tar.gz,Cassandra_104,1322554866,2011-11-29-09:21,cassandra104metric,1322179200,11/25/2011
cassandra-cassandra-1.0.5.tar.gz,Cassandra_105,1322676364,2011-11-30-19:06,cassandra105metric,1322524800,11/29/2011
cassandra-cassandra-1.0.6.tar.gz,Cassandra_106,1323825463,2011-12-14-02:17,cassandra106metric,1323820800,12/14/2011
cassandra-cassandra-1.0.7.tar.gz,Cassandra_107,1326440961,2012-01-13-08:49,cassandra107metric,1326412800,1/13/2012
cassandra-cassandra-1.0.8.tar.gz,Cassandra_108,1329919856,2012-02-22-15:10,cassandra108metric,1329868800,2/22/2012
cassandra-cassandra-1.0.9.tar.gz,Cassandra_109,1333463578,2012-04-03-16:32,cassandra109metric,1333411200,4/3/2012
cassandra-cassandra-1.0.10.tar.gz,Cassandra_1010,1336146819,2012-05-04-17:53,cassandra1010metric,1336089600,5/4/2012
cassandra-cassandra-1.0.11.tar.gz,Cassandra_1011,1343402072,2012-07-27-17:14,cassandra1011metric,1343347200,7/27/2012
cassandra-cassandra-1.0.12.tar.gz,Cassandra_1012,1348515767,2012-09-24-21:42,cassandra1012metric,1348444800,9/24/2012
cassandra-cassandra-1.1.0.tar.gz,Cassandra_110,1334939734,2012-04-20-18:35,cassandra110metric,1334880000,4/20/2012
cassandra-cassandra-1.1.1.tar.gz,Cassandra_111,1338573097,2012-06-01-19:51,cassandra111metric,1338508800,6/1/2012
cassandra-cassandra-1.1.2.tar.gz,Cassandra_112,1340983558,2012-06-29-17:25,cassandra112metric,1340928000,6/29/2012
cassandra-cassandra-1.1.3.tar.gz,Cassandra_113,1343856964,2012-08-01-23:36,cassandra113metric,1343779200,8/1/2012
cassandra-cassandra-1.1.4.tar.gz,Cassandra_114,1344978369,2012-08-14-23:06,cassandra114metric,1344902400,8/14/2012
cassandra-cassandra-1.1.5.tar.gz,Cassandra_115,1347037083,2012-09-07-18:58,cassandra115metric,1346976000,9/7/2012
cassandra-cassandra-1.1.6.tar.gz,Cassandra_116,1350011007,2012-10-12-05:03,cassandra116metric,1350000000,10/12/2012
cassandra-cassandra-1.1.7.tar.gz,Cassandra_117,1354005288,2012-11-27-09:34,cassandra117metric,1353974400,11/27/2012
cassandra-cassandra-1.1.8.tar.gz,Cassandra_118,1355500349,2012-12-14-16:52,cassandra118metric,1355443200,12/14/2012
cassandra-cassandra-1.1.9.tar.gz,Cassandra_119,1358184725,2013-01-14-18:32,cassandra119metric,1358121600,1/14/2013
cassandra-cassandra-1.1.10.tar.gz,Cassandra_1110,1360654663,2013-02-12-08:37,cassandra1110metric,1360627200,2/12/2013
cassandra-cassandra-1.1.11.tar.gz,Cassandra_1111,1366157320,2013-04-17-02:08,cassandra1111metric,1366156800,4/17/2013
cassandra-cassandra-1.1.12.tar.gz,Cassandra_1112,1369239545,2013-05-22-18:19,cassandra1112metric,1369180800,5/22/2013
cassandra-cassandra-1.2.0.tar.gz,Cassandra_120,1356782903,2012-12-29-13:08,cassandra120metric,1356739200,12/29/2012
cassandra-cassandra-1.2.1.tar.gz,Cassandra_121,1359097709,2013-01-25-08:08,cassandra121metric,1359072000,1/25/2013
cassandra-cassandra-1.2.2.tar.gz,Cassandra_122,1361401065,2013-02-20-23:57,cassandra122metric,1361318400,2/20/2013
cassandra-cassandra-1.2.3.tar.gz,Cassandra_123,1363252745,2013-03-14-10:19,cassandra123metric,1363219200,3/14/2013
cassandra-cassandra-1.2.4.tar.gz,Cassandra_124,1365440106,2013-04-08-18:55,cassandra124metric,1365379200,4/8/2013
cassandra-cassandra-1.2.5.tar.gz,Cassandra_125,1368624074,2013-05-15-15:21,cassandra125metric,1368576000,5/15/2013
cassandra-cassandra-1.2.6.tar.gz,Cassandra_126,1372147090,2013-06-25-09:58,cassandra126metric,1372118400,6/25/2013
cassandra-cassandra-1.2.7.tar.gz,Cassandra_127,1374680812,2013-07-24-17:46,cassandra127metric,1374624000,7/24/2013
cassandra-cassandra-1.2.8.tar.gz,Cassandra_128,1374968295,2013-07-28-01:38,cassandra128metric,1374969600,7/28/2013
cassandra-cassandra-1.2.9.tar.gz,Cassandra_129,1377538382,2013-08-26-19:33,cassandra129metric,1377475200,8/26/2013
cassandra-cassandra-1.2.10.tar.gz,Cassandra_1210,1379584798,2013-09-19-11:59,cassandra1210metric,1379548800,9/19/2013
cassandra-cassandra-2.0.0.tar.gz,Cassandra_200,1377689851,2013-08-28-13:37,cassandra200metric,1377648000,8/28/2013
cassandra-cassandra-2.0.1.tar.gz,Cassandra_201,1379672374,2013-09-20-12:19,cassandra201metric,1379635200,9/20/2013
ant-ivy-1.4.1.tar.gz,ant_ivy_141,1196565369,2007-12-02-04:16,ivy141,1165708800,10-Dec-06
ant-ivy-2.0.0.tar.gz,ant_ivy_200,1232316539,2009-01-18-23:08,ivy200,1232236800,18-Jan-09
ant-ivy-2.0.0-alpha2.tar.gz,ant_ivy_200.12,1196565369,2007-12-02-04:16,ivy200alpha2,1184198400,12-Jul-07
ant-ivy-2.0.0-beta1.tar.gz,ant_ivy_200.21,1197208401,2007-12-09-14:53,ivy200beta1,1196899200,6-Dec-07
ant-ivy-2.0.0-beta2.tar.gz,ant_ivy_200.22,1204549764,2008-03-03-14:09,ivy200beta2,1203897600,25-Feb-08
ant-ivy-2.0.0-rc1.tar.gz,ant_ivy_200.1,1222413647,2008-09-26-09:20,ivy200rc1,1221523200,16-Sep-08
ant-ivy-2.0.0-rc2.tar.gz,ant_ivy_200.2,1225831936,2008-11-04-21:52,ivy200rc2,1225756800,4-Nov-08
ant-ivy-2.1.0.tar.gz,ant_ivy_210,1253917087,2009-09-26-00:18,ivy210,1253923200,26-Sep-09
ant-ivy-2.1.0-rc2.tar.gz,ant_ivy_210.2,1246830332,2009-07-05-23:45,ivy210rc2,1246665600,4-Jul-09
ant-ivy-2.1.0-rc1.tar.gz,ant_ivy_210.1,1238452019,2009-03-31-00:26,ivy210rc1,1238457600,31-Mar-09
ant-ivy-2.2.0.tar.gz,ant_ivy_220,1285278809,2010-09-23-23:53,ivy220,1285200000,23-Sep-10
ant-ivy-2.2.0-rc1.tar.gz,ant_ivy_220.1,1277929768,2010-06-30-22:29,ivy220rc1,1277856000,30-Jun-10
ant-ivy-2.3.0.tar.gz,ant_ivy_230,1358799148,2013-01-21-21:12,ivy230,1357776000,10-Jan-13
ant-ivy-2.3.0-rc1.tar.gz,ant_ivy_230.1,1334530880,2012-04-16-01:01,ivy230rc1,1334448000,15-Apr-12
ant-ivy-2.3.0-rc2.tar.gz,ant_ivy_230.2,1352154854,2012-11-05-23:34,ivy230rc2,1352073600,5-Nov-12
ant-ivy-2.4.0.tar.gz,ant_ivy_240,1418486302,2014-12-13-16:58,ivy240,1418428800,13-Dec-14
ant-ivy-2.4.0-rc1.tar.gz,ant_ivy_240.1,1394921663,2014-03-15-23:14,ivy240rc1,1394841600,15-Mar-14
ant-ivy-2.4.0-rc1_OLD.tar.gz,ant_ivy_240.01,1394921584,2014-03-15-23:13,ivy240rc1old,1390176000,20-Jan-14
httpcomponents-client-4.0.2-RC1.tar.gz,HC_402.1,1283080710,2010-08-29-13:18,http402rc1,1283040000,29-Aug-10
httpcomponents-client-4.0.2-RC2.tar.gz,HC_402.2,1283372244,2010-09-01-22:17,http402rc2,1283299200,1-Sep-10
httpcomponents-client-4.0.2-RC3.tar.gz,HC_402.3,1283459618,2010-09-02-22:33,http402rc3,1283385600,2-Sep-10
httpcomponents-client-4.0.3-RC1.tar.gz,HC_403.1,1284577836,2010-09-15-21:10,http403rc1,1284508800,15-Sep-10
httpcomponents-client-4.1-RC1.tar.gz,HC_410.1,1295006069,2011-01-14-12:54,http41rc1,1294876800,13-Jan-11
httpcomponents-client-4.1-RC2.tar.gz,HC_410.2,1295032265,2011-01-14-20:11,http41rc2,1294963200,14-Jan-11
httpcomponents-client-4.1-RC3.tar.gz,HC_410.3,1295294407,2011-01-17-21:00,http41rc3,1295222400,17-Jan-11
httpcomponents-client-4.1-siteupdate.tar.gz,HC_410.00,1297715347,2011-02-14-21:29,http41site,1297641600,14-Feb-11
httpcomponents-client-4.2.1-RC1.tar.gz,HC_421.1,1340998599,2012-06-29-21:36,http421rc1,1340928000,29-Jun-12
httpcomponents-client-4.2.2-RC1.tar.gz,HC_422.1,1350813229,2012-10-21-11:53,http422rc1,1350777600,21-Oct-12
httpcomponents-client-4.2.3-RC1.tar.gz,HC_423.1,1357493345,2013-01-06-18:29,http423rc1,1357344000,5-Jan-13
httpcomponents-client-4.2.3-RC2.tar.gz,HC_423.2,1357677581,2013-01-08-21:39,http423rc2,1357603200,8-Jan-13
httpcomponents-client-4.2.3-RC3.tar.gz,HC_423.3,1357855186,2013-01-10-22:59,http423rc3,1357776000,10-Jan-13
httpcomponents-client-4.2.4-RC1.tar.gz,HC_424.1,1365171718,2013-04-05-16:21,http424rc1,1365120000,5-Apr-13
httpcomponents-client-4.2.5-RC1.tar.gz,HC_425.1,1366389512,2013-04-19-18:38,http425rc1,1366329600,19-Apr-13
httpcomponents-client-4.2.6-RC1.tar.gz,HC_426.1,1377969248,2013-08-31-19:14,http426rc1,1377734400,29-Aug-13
httpcomponents-client-4.2.6-RC2.tar.gz,HC_426.2,1378317610,2013-09-04-20:00,http426rc2,1378252800,4-Sep-13
httpcomponents-client-4.2-RC1.tar.gz,HC_420.1,1336922542,2012-05-13-17:22,http42rc1,1336867200,13-May-12
httpcomponents-client-4.2-RC2.tar.gz,HC_420.2,1337256911,2012-05-17-14:15,http42rc2,1337212800,17-May-12
httpcomponents-client-4.3.1-RC1.tar.gz,HC_431.1,1380807945,2013-10-03-15:45,http431rc1,1380758400,3-Oct-13
httpcomponents-client-4.3.1-RC2.tar.gz,HC_431.2,1380827317,2013-10-03-21:08,http431rc2,1380758400,3-Oct-13
httpcomponents-client-4.3.2-RC1.tar.gz,HC_432.1,1389810803,2014-01-15-19:33,http432rc1,1389744000,15-Jan-14
httpcomponents-client-4.3.3-RC1.tar.gz,HC_433.1,1393021621,2014-02-21-23:27,http433rc1,1392940800,21-Feb-14
httpcomponents-client-4.3.4-RC1.tar.gz,HC_434.1,1401548868,2014-05-31-17:07,http434rc1,1401494400,31-May-14
httpcomponents-client-4.3.5-RC1.tar.gz,HC_435.1,1406731947,2014-07-30-16:52,http435rc1,1406678400,30-Jul-14
httpcomponents-client-4.3.6-RC1.tar.gz,HC_436.1,1414935678,2014-11-02-14:41,http436rc1,1414886400,2-Nov-14
httpcomponents-client-4.3-RC1.tar.gz,HC_430.1,1378317659,2013-09-04-20:00,http43rc1,1378684800,9-Sep-13
httpcomponents-client-4.4.1-RC1.tar.gz,HC_441.1,1427210831,2015-03-24-16:27,http441rc1,1427155200,24-Mar-15
httpcomponents-client-4.4-RC1.tar.gz,HC_440.1,1422100343,2015-01-24-12:52,http44rc1,1411344000,22-Sep-14
httpcomponents-client-4.4-RC2.tar.gz,HC_440.2,1422391595,2015-01-27-21:46,http44rc2,1422316800,27-Jan-15
httpcomponents-client-4.5.1-RC1.tar.gz,HC_451.1,1441975390,2015-09-11-14:43,http451rc1,1441929600,11-Sep-15
httpcomponents-client-4.5-RC1.tar.gz,HC_450.1,1432373296,2015-05-23-11:28,http45rc1,1432339200,23-May-15
httpcomponents-client-4.5-RC2.tar.gz,HC_450.2,1433069493,2015-05-31-12:51,http45rc2,1433030400,31-May-15
httpcomponents-client-4_0_API_FREEZE.tar.gz,HC_400.0,1216930497,2008-07-24-22:14,http40freeze,1216857600,24-Jul-08
jena-jena-2.7.2.tar.gz,jena-2.7.2,1340890088,2012-06-28-15:28,jena272,1340841600,28-Jun-12
jena-jena-2.7.3.tar.gz,jena-2.7.3,1344444344,2012-08-08-18:45,jena273,1344384000,8-Aug-12
jena-jena-2.10.0.tar.gz,jena-2.10.0,1361361652,2013-02-20-13:00,jena2100,1361318400,20-Feb-13
jena-jena-2.10.1.tar.gz,jena-2.10.1,1368306099,2013-05-11-23:01,jena2101,1368230400,11-May-13
jena-jena-2.11.0.tar.gz,jena-2.11.0,1378979235,2013-09-12-11:47,jena2110,1378944000,12-Sep-13
jena-jena-2.7.1.tar.gz,jena-2.7.1,1339595734,2012-06-13-15:55,jena271,1339545600,13-Jun-12
jena-jena-2.13.0.tar.gz,jena-2.13.0,,,,1431043200,8-May-15
jena-jena-2.12.0.tar.gz,jena-2.12.0,,,,1406332800,26-Jul-14
jena-jena-3.0.0.tar.gz,jena-3.0.0,,,,1437782400,25-Jul-15
jena-jena-3.0.1.tar.gz,jena-3.0.1,,,,1449532800,8-Dec-15
jena-jena-3.1.0.tar.gz,jena-3.1.0,,,,1462838400,10-May-16
jena-jena-3.1.1.tar.gz,jena-3.1.1,,,,1478217600,4-Nov-16
jena-jena-3.2.0.tar.gz,jena-3.2.0,,,,1485820800,31-Jan-17
jena-jena-3.3.0.tar.gz,jena-3.3.0,,,,1493683200,2-May-17
jena-jena-3.4.0.tar.gz,jena-3.4.0,,,,1500249600,17-Jul-17
jena-jena-3.5.0.tar.gz,jena-3.5.0,,,,1509321600,30-Oct-17
jena-jena-3.6.0.tar.gz,jena-3.6.0,,,,1513123200,13-Dec-17
jena-jena-3.7.0.tar.gz,jena-3.7.0,,,,1522886400,5-Apr-18
jena-jena-3.8.0.tar.gz,jena-3.8.0,,,,1529884800,25-Jun-18
jena-jena-3.9.0.tar.gz,jena-3.9.0,,,,1538092800,28-Sep-18
jena-jena-3.10.0.tar.gz,jena-3.10.0,,,,1546128000,30-Dec-18
jena-jena-3.11.0.tar.gz,jena-3.11.0,,,,1556064000,24-Apr-19
jena-jena-3.12.0.tar.gz,jena-3.12.0,,,,1558915200,27-May-19
jena-jena-3.13.0.tar.gz,jena-3.13.0,,,,1569369600,25-Sep-19
jena-jena-3.14.0.tar.gz,jena-3.14.0,,,,1579132800,16-Jan-20
jena-jena-3.15.0.tar.gz,jena-3.15.0,,,,1588636800,5-May-20
jena-jena-3.16.0.tar.gz,jena-3.16.0,,,,1594252800,9-Jul-20
jena-jena-3.17.0.tar.gz,jena-3.17.0,,,,1604534400,5-Nov-20
jena-jena-4.0.0.tar.gz,jena-4.0.0,,,,1616803200,27-Mar-21
jena-jena-2.11.2.tar.gz,jena-2.11.2,,,,1401667200,2-Jun-14
jena-jena-2.11.1.tar.gz,jena-2.11.1,,,,1390003200,18-Jan-14
jena-jena-2.7.4.tar.gz,jena-2.7.4,1350748830,2012-10-20-18:00,jena274,1350691200,20-Oct-12
hadoop-release-0.1.0.tar.gz,Hadoop_010,1245643811,2009-06-22-06:10,hadoop010,1143849600,1-Apr-06
hadoop-release-0.1.1.tar.gz,Hadoop_011,1245643811,2009-06-22-06:10,hadoop011,1144454400,8-Apr-06
hadoop-release-0.2.0.tar.gz,Hadoop_020,1245643811,2009-06-22-06:10,hadoop020,1146873600,6-May-06
hadoop-release-0.2.1.tar.gz,Hadoop_021,1245643811,2009-06-22-06:10,hadoop021,1147392000,12-May-06
hadoop-release-0.3.0.tar.gz,Hadoop_030,1245643811,2009-06-22-06:10,hadoop030,1149292800,3-Jun-06
hadoop-release-0.3.1.tar.gz,Hadoop_031,1245643811,2009-06-22-06:10,hadoop031,1149552000,6-Jun-06
hadoop-release-0.3.2.tar.gz,Hadoop_032,1245643811,2009-06-22-06:10,hadoop032,1149897600,10-Jun-06
hadoop-release-0.4.0.tar.gz,Hadoop_040,1245643811,2009-06-22-06:10,hadoop040,1151539200,29-Jun-06
hadoop-release-0.5.0.tar.gz,Hadoop_050,1245643811,2009-06-22-06:10,hadoop050,1154736000,5-Aug-06
hadoop-release-0.6.0.tar.gz,Hadoop_060,1245643811,2009-06-22-06:10,hadoop060,1157760000,9-Sep-06
hadoop-release-0.6.1.tar.gz,Hadoop_061,1245643811,2009-06-22-06:10,hadoop061,1158105600,13-Sep-06
hadoop-release-0.6.2.tar.gz,Hadoop_062,1245643811,2009-06-22-06:10,hadoop062,1158537600,18-Sep-06
hadoop-release-0.7.0.tar.gz,Hadoop_070,1245643811,2009-06-22-06:10,hadoop070,1160092800,6-Oct-06
hadoop-release-0.7.1.tar.gz,Hadoop_071,1245643811,2009-06-22-06:10,hadoop071,1160524800,11-Oct-06
hadoop-release-0.8.0.tar.gz,Hadoop_080,1245643811,2009-06-22-06:10,hadoop080,1162598400,4-Nov-06
hadoop-release-0.9.0.tar.gz,Hadoop_090,1245643811,2009-06-22-06:10,hadoop090,1165017600,2-Dec-06
hadoop-release-0.9.1.tar.gz,Hadoop_091,1245643811,2009-06-22-06:10,hadoop091,1165449600,7-Dec-06
hadoop-release-0.9.2.tar.gz,Hadoop_092,1245643811,2009-06-22-06:10,hadoop092,1166227200,16-Dec-06
hadoop-release-0.10.0.tar.gz,Hadoop_0100,1245643811,2009-06-22-06:10,hadoop0100,1168041600,6-Jan-07
hadoop-release-0.11.0.tar.gz,Hadoop_0110,1245643811,2009-06-22-06:10,hadoop0110,1168473600,11-Jan-07
hadoop-release-0.11.1.tar.gz,Hadoop_0111,1245643811,2009-06-22-06:10,hadoop0111,1171065600,10-Feb-07
hadoop-release-0.11.2.tar.gz,Hadoop_0112,1245643811,2009-06-22-06:10,hadoop0112,1171670400,17-Feb-07
hadoop-release-0.12.0.tar.gz,Hadoop_0120,1245643811,2009-06-22-06:10,hadoop0120,1172880000,3-Mar-07
hadoop-release-0.12.1.tar.gz,Hadoop_0121,1245643811,2009-06-22-06:10,hadoop0121,1174176000,18-Mar-07
hadoop-release-0.12.3.tar.gz,Hadoop_0123,1245643811,2009-06-22-06:10,hadoop0123,1175817600,6-Apr-07
hadoop-release-0.13.0.tar.gz,Hadoop_0130,1245643811,2009-06-22-06:10,hadoop0130,1180915200,4-Jun-07
hadoop-release-0.13.1.tar.gz,Hadoop_0131,1245643811,2009-06-22-06:10,hadoop0131,1185235200,24-Jul-07
hadoop-release-0.14.0.tar.gz,Hadoop_0140,1245643811,2009-06-22-06:10,hadoop0140,1187308800,17-Aug-07
hadoop-release-0.14.2.tar.gz,Hadoop_0142,1245643811,2009-06-22-06:10,hadoop0142,1191628800,6-Oct-07
hadoop-release-0.14.3.tar.gz,Hadoop_0143,1245643811,2009-06-22-06:10,hadoop0143,1192492800,16-Oct-07
hadoop-release-0.14.4.tar.gz,Hadoop_0144,1245643811,2009-06-22-06:10,hadoop0144,1195430400,19-Nov-07
hadoop-release-0.15.0.tar.gz,Hadoop_0150,1245643811,2009-06-22-06:10,hadoop0150,1194048000,3-Nov-07
hadoop-release-0.15.1.tar.gz,Hadoop_0151,1245643811,2009-06-22-06:10,hadoop0151,1196294400,29-Nov-07
hadoop-release-0.15.2.tar.gz,Hadoop_0152,1245643811,2009-06-22-06:10,hadoop0152,1198800000,28-Dec-07
hadoop-release-0.15.3.tar.gz,Hadoop_0153,1245643811,2009-06-22-06:10,hadoop0153,1200441600,16-Jan-08
hadoop-release-0.16.0.tar.gz,Hadoop_0160,1245643811,2009-06-22-06:10,hadoop0160,1202083200,4-Feb-08
hadoop-release-0.16.1.tar.gz,Hadoop_0161,1245643811,2009-06-22-06:10,hadoop0161,1205452800,14-Mar-08
hadoop-release-0.16.2.tar.gz,Hadoop_0162,1245643811,2009-06-22-06:10,hadoop0162,1207180800,3-Apr-08
hadoop-release-0.16.3.tar.gz,Hadoop_0163,1245643811,2009-06-22-06:10,hadoop0163,1208390400,17-Apr-08
hadoop-release-0.16.4.tar.gz,Hadoop_0164,1245643811,2009-06-22-06:10,hadoop0164,1210377600,10-May-08
hadoop-release-0.17.0.tar.gz,Hadoop_0170,1245643811,2009-06-22-06:10,hadoop0170,1211328000,21-May-08
hadoop-release-0.17.1.tar.gz,Hadoop_0171,1245643811,2009-06-22-06:10,hadoop0171,1214524800,27-Jun-08
hadoop-release-0.17.2.tar.gz,Hadoop_0172,1245643811,2009-06-22-06:10,hadoop0172,1219104000,19-Aug-08
hadoop-release-0.18.0.tar.gz,Hadoop_0180,1245643811,2009-06-22-06:10,hadoop0180,1219190400,20-Aug-08
hadoop-release-0.18.1.tar.gz,Hadoop_0181,1245643811,2009-06-22-06:10,hadoop0181,1221696000,18-Sep-08
hadoop-release-0.18.2.tar.gz,Hadoop_0182,1245643811,2009-06-22-06:10,hadoop0182,1225324800,30-Oct-08
hadoop-release-0.18.3.tar.gz,Hadoop_0183,1245643811,2009-06-22-06:10,hadoop0183,1232668800,23-Jan-09
hadoop-release-0.19.0.tar.gz,Hadoop_0190,1245643811,2009-06-22-06:10,hadoop0190,1226620800,14-Nov-08
hadoop-release-0.19.1.tar.gz,Hadoop_0191,1245643811,2009-06-22-06:10,hadoop0191,1235692800,27-Feb-09
hadoop-release-0.19.2.tar.gz,Hadoop_0192,1248333894,2009-07-23-09:24,hadoop0192,1246320000,30-Jun-09
hadoop-release-0.20.0.tar.gz,Hadoop_0200,1245643811,2009-06-22-06:10,hadoop0200,1240444800,23-Apr-09
hadoop-release-0.20.2.tar.gz,Hadoop_0202,1267161194,2010-02-26-06:13,hadoop0202,1266537600,19-Feb-10
hadoop-release-0.20.204.0.tar.gz,Hadoop_020.2040,1314977513,2011-09-02-17:31,hadoop0202040,1314230400,25-Aug-11
hadoop-release-0.20.205.0.tar.gz,Hadoop_020.2050,1318963686,2011-10-18-20:48,hadoop0202050,1318896000,18-Oct-11
hadoop-release-0.21.0.tar.gz,Hadoop_0210,1307916051,2011-06-13-00:00,hadoop0210,1307923200,13-Jun-11
hadoop-release-0.23.0.tar.gz,Hadoop_0230,1321050274,2011-11-11-23:24,hadoop0230,1320278400,3-Nov-11
hadoop-release-0.23.1.tar.gz,Hadoop_0231,1330409433,2012-02-28-07:10,hadoop0231,1329523200,18-Feb-12
hadoop-release-0.23.3.tar.gz,Hadoop_0233,1347659865,2012-09-14-23:57,hadoop0233,1346976000,7-Sep-12
hadoop-release-0.23.4.tar.gz,Hadoop_0234,1350335044,2012-10-15-23:04,hadoop0234,1349654400,8-Oct-12
hadoop-release-0.23.5.tar.gz,Hadoop_0235,1354112342,2012-11-28-15:19,hadoop0235,1353369600,20-Nov-12
hadoop-release-0.23.6.tar.gz,Hadoop_0236,1360169588,2013-02-06-17:53,hadoop0236,1359417600,29-Jan-13
hadoop-release-0.23.7.tar.gz,Hadoop_0237,1366317690,2013-04-18-22:41,hadoop0237,1365638400,11-Apr-13
hadoop-release-0.23.8.tar.gz,Hadoop_0238,1370376582,2013-06-04-22:09,hadoop0238,1369699200,28-May-13
hadoop-release-0.23.9.tar.gz,Hadoop_0239,1373397136,2013-07-09-21:12,hadoop0239,1372636800,1-Jul-13
hadoop-release-0.23.11.tar.gz,Hadoop_02311,1403875529,2014-06-27-15:25,hadoop02311,1403136000,19-Jun-14
hadoop-release-1.0.0.tar.gz,Hadoop_100,1325009314,2011-12-27-19:08,hadoop100,1324944000,27-Dec-11
hadoop-release-1.0.1.tar.gz,Hadoop_101,1329933230,2012-02-22-18:53,hadoop101,1329264000,15-Feb-12
hadoop-release-1.0.2.tar.gz,Hadoop_102,1333575983,2012-04-04-23:46,hadoop102,1332633600,25-Mar-12
hadoop-release-1.0.3.tar.gz,Hadoop_103,1337192819,2012-05-16-20:26,hadoop103,1336521600,9-May-12
hadoop-release-1.0.4.tar.gz,Hadoop_104,1350071006,2012-10-12-21:43,hadoop104,1349222400,3-Oct-12
hadoop-release-1.1.0.tar.gz,Hadoop_110,1350269131,2012-10-15-04:45,hadoop110,1349308800,4-Oct-12
hadoop-release-1.1.1.tar.gz,Hadoop_111,1354500973,2012-12-03-03:16,hadoop111,1353283200,19-Nov-12
hadoop-release-1.1.2.tar.gz,Hadoop_112,1362553692,2013-03-06-08:08,hadoop112,1359590400,31-Jan-13
hadoop-release-1.2.0.tar.gz,Hadoop_120,1368509709,2013-05-14-07:35,hadoop120,1367798400,6-May-13
hadoop-release-1.2.1.tar.gz,Hadoop_121,1375596930,2013-08-04-08:15,hadoop121,1373846400,15-Jul-13
hadoop-release-2.4.1.tar.gz,Hadoop_241,1404111897,2014-06-30-09:04,hadoop241,1403308800,21-Jun-14
